{"accuracy": [0.6556016802787781, 0.8132780194282532, 0.8423236608505249, 0.8547717928886414, 0.8547717928886414, 0.8464730381965637, 0.8589211702346802, 0.8713693022727966, 0.8796680569648743, 0.8672199249267578, 0.863070547580719, 0.8713693022727966, 0.8755186796188354, 0.8962655663490295, 0.8796680569648743], "loss": [0.6360980272293091, 0.5244181752204895, 0.4599926769733429, 0.4075401723384857, 0.38672909140586853, 0.3630231022834778, 0.3260228931903839, 0.32620811462402344, 0.30963319540023804, 0.312020480632782, 0.3028178811073303, 0.29593706130981445, 0.29088225960731506, 0.26490867137908936, 0.270243376493454], "val_accuracy": [0.7704917788505554, 0.8032786846160889, 0.8032786846160889, 0.7868852615356445, 0.7868852615356445, 0.7868852615356445, 0.7868852615356445, 0.7704917788505554, 0.7704917788505554, 0.7704917788505554, 0.7704917788505554, 0.7704917788505554, 0.7868852615356445, 0.7868852615356445, 0.7704917788505554], "val_loss": [0.54579758644104, 0.49542921781539917, 0.4623018503189087, 0.43512001633644104, 0.42758217453956604, 0.4276175796985626, 0.43494608998298645, 0.4511640965938568, 0.4566652774810791, 0.4595645070075989, 0.4724494516849518, 0.4862654209136963, 0.49514907598495483, 0.5046332478523254, 0.509318470954895]}